Sample_ID,Device,Concentration_mM,Scan_Rate_mVs,PC1_Score,PC2_Score,Device_Prediction_Score,Actual_Device_Code,OX_Voltage_V,OX_Current_A,RED_Voltage_V,RED_Current_A,Peak_Separation_V,Color,Symbol,Symbol_Size,Alpha,Point_Index,Device_Point_ID,Global_Point_ID
1,Palmsens,0.5,100,0.7702835230461609,-0.8071116815272206,0.3035154812645716,0,0.100378032,-17.482056,0.190448,17.467964,0.090069968,Blue,Circle,8,0.7,1,Palmsens_1,1
2,Palmsens,0.5,100,1.2440581000807271,-1.0256351826259835,0.3034539585661316,0,0.100378032,-17.535602,0.190448,17.7094,0.090069968,Blue,Circle,8,0.7,2,Palmsens_2,2
3,Palmsens,0.5,100,1.0065374881501807,-1.1653952399799878,0.3034052352856076,0,0.100378032,-17.65585,0.190448,17.866286,0.090069968,Blue,Circle,8,0.7,3,Palmsens_3,3
4,Palmsens,0.5,100,1.5051681606031635,-1.087771536460849,0.303363353857794,0,0.100378032,-17.75825,0.190448,18.001566,0.090069968,Blue,Circle,8,0.7,4,Palmsens_4,4
5,Palmsens,0.5,100,1.239512222396327,-1.3037984981114876,0.3033230346294586,0,0.100378032,-17.815556,0.190448,18.149998,0.090069968,Blue,Circle,8,0.7,5,Palmsens_5,5
6,Palmsens,0.5,100,1.42010048744776,-1.1373766606823066,0.3033012254875048,0,0.100378032,-17.870982,0.190448,18.219516,0.090069968,Blue,Circle,8,0.7,6,Palmsens_6,6
7,Palmsens,0.5,100,1.61915045980034,-1.0052646585026763,0.3032809819048901,0,0.100378032,-17.9452,0.190448,18.274004,0.090069968,Blue,Circle,8,0.7,7,Palmsens_7,7
8,Palmsens,0.5,100,1.0399950180979245,-0.743886948932619,0.3032583122333261,0,0.100378032,-17.985596,0.190448,18.353856,0.090069968,Blue,Circle,8,0.7,8,Palmsens_8,8
9,Palmsens,0.5,100,0.9654558657855492,-1.0678211874198411,0.303238576310146,0,0.100378032,-17.969624,0.190448,18.445922,0.090069968,Blue,Circle,8,0.7,9,Palmsens_9,9
10,Palmsens,0.5,100,1.3129475051793789,-0.7638193542474867,0.3032171255756196,0,0.100378032,-18.019416,0.190448,18.51638,0.090069968,Blue,Circle,8,0.7,10,Palmsens_10,10
11,Palmsens,0.5,100,1.8382215957307289,-1.288257012147099,0.577507360695491,0,0.080362472,-14.984081,0.170432,13.862389,0.090069528,Blue,Circle,8,0.7,11,Palmsens_11,11
12,Palmsens,0.5,100,2.393325714494084,-1.0199869633811849,0.577453465630179,0,0.080362472,-14.973748,0.170432,14.099129,0.090069528,Blue,Circle,8,0.7,12,Palmsens_12,12
13,Palmsens,0.5,100,1.834071035988344,-0.686272198930075,0.5774251639240989,0,0.080362472,-15.000992,0.170432,14.209043,0.090069528,Blue,Circle,8,0.7,13,Palmsens_13,13
14,Palmsens,0.5,100,2.8102320364567657,-0.9567618681780904,0.5774007686149792,0,0.080362472,-15.034811,0.170432,14.299229,0.090069528,Blue,Circle,8,0.7,14,Palmsens_14,14
15,Palmsens,0.5,100,2.228588287737008,-1.4362951033676028,0.5773810812697199,0,0.080362472,-15.078026,0.170432,14.36499,0.090069528,Blue,Circle,8,0.7,15,Palmsens_15,15
16,Palmsens,0.5,100,1.9671653546791996,-1.0572759934090556,0.5773685387239607,0,0.080362472,-15.117482,0.170432,14.401628,0.090069528,Blue,Circle,8,0.7,16,Palmsens_16,16
17,Palmsens,0.5,100,1.5046092407583371,-1.0525805396033807,0.5773588941892699,0,0.080362472,-15.145666,0.170432,14.430751,0.090069528,Blue,Circle,8,0.7,17,Palmsens_17,17
18,Palmsens,0.5,100,2.242203631231841,-0.7985394874570204,0.5773501153016765,0,0.080362472,-15.165394,0.170432,14.459873,0.090069528,Blue,Circle,8,0.7,18,Palmsens_18,18
19,Palmsens,0.5,100,2.233809598376063,-0.8809434778321665,0.5773397134147495,0,0.080362472,-15.186061,0.170432,14.495573,0.090069528,Blue,Circle,8,0.7,19,Palmsens_19,19
20,Palmsens,0.5,100,1.8112547989478365,-1.1421557063669183,0.5773388479997743,0,0.080362472,-15.194517,0.170432,14.495573,0.090069528,Blue,Circle,8,0.7,20,Palmsens_20,20
21,Palmsens,0.5,100,1.9667156311916087,-0.9180478368137068,0.5321329810023331,0,0.090370248,-17.211496,0.170432,16.620588,0.080061752,Blue,Circle,8,0.7,21,Palmsens_21,21
22,Palmsens,0.5,100,2.6837988754749604,-0.8433293170963639,0.532069392636767,0,0.090370248,-17.257528,0.170432,16.874236,0.080061752,Blue,Circle,8,0.7,22,Palmsens_22,22
23,Palmsens,0.5,100,1.989207510681441,-0.7580481229252302,0.5320409500490738,0,0.090370248,-17.290408,0.170432,16.982272,0.080061752,Blue,Circle,8,0.7,23,Palmsens_23,23
24,Palmsens,0.5,100,1.7978867619287942,-0.4581277202078372,0.5320096559114936,0,0.090370248,-17.361806,0.170432,17.08561,0.080061752,Blue,Circle,8,0.7,24,Palmsens_24,24
25,Palmsens,0.5,100,1.8425926378964943,-0.7262087632294046,0.5319920785778026,0,0.090370248,-17.40784,0.170432,17.141038,0.080061752,Blue,Circle,8,0.7,25,Palmsens_25,25
26,Palmsens,0.5,100,1.7713971747608328,-0.9220018367459364,0.5319796062407279,0,0.090370248,-17.444478,0.170432,17.178616,0.080061752,Blue,Circle,8,0.7,26,Palmsens_26,26
27,Palmsens,0.5,100,2.081960056186221,-0.6308367126286208,0.5319775872120345,0,0.090370248,-17.464206,0.170432,17.178616,0.080061752,Blue,Circle,8,0.7,27,Palmsens_27,27
28,Palmsens,0.5,100,1.5306333307285325,-1.2653209489616626,0.5319661864948676,0,0.090370248,-17.50742,0.170432,17.208678,0.080061752,Blue,Circle,8,0.7,28,Palmsens_28,28
29,Palmsens,0.5,100,1.9225077647850608,-1.4608601744049778,0.5319631920489717,0,0.090370248,-17.519632,0.170432,17.216194,0.080061752,Blue,Circle,8,0.7,29,Palmsens_29,29
30,Palmsens,0.5,100,2.0797661076583367,-0.923720222910141,0.5319535975153623,0,0.090370248,-17.519632,0.170432,17.257528,0.080061752,Blue,Circle,8,0.7,30,Palmsens_30,30
31,Palmsens,0.5,100,2.281970252545429,-0.8403000036730417,0.5776332593817635,0,0.080362472,-14.250379,0.170432,13.643499,0.090069528,Blue,Circle,8,0.7,31,Palmsens_31,31
32,Palmsens,0.5,100,1.8068183704190257,-0.5134539370673784,0.5775890009650292,0,0.080362472,-14.290775,0.170432,13.816357,0.090069528,Blue,Circle,8,0.7,32,Palmsens_32,32
33,Palmsens,0.5,100,1.7683722276361866,-1.0891043232723392,0.577563669902471,0,0.080362472,-14.335867,0.170432,13.905604,0.090069528,Blue,Circle,8,0.7,33,Palmsens_33,33
34,Palmsens,0.5,100,1.9395194026963063,-1.1394866081162038,0.5775410844437998,0,0.080362472,-14.390355,0.170432,13.97888,0.090069528,Blue,Circle,8,0.7,34,Palmsens_34,34
35,Palmsens,0.5,100,2.549200542861204,-0.9458967170538136,0.5775288937401726,0,0.080362472,-14.41572,0.170432,14.020215,0.090069528,Blue,Circle,8,0.7,35,Palmsens_35,35
36,Palmsens,0.5,100,2.25052114216217,-0.9294349863915988,0.5775184542038776,0,0.080362472,-14.44954,0.170432,14.050278,0.090069528,Blue,Circle,8,0.7,36,Palmsens_36,36
37,Palmsens,0.5,100,1.9195292422551875,-0.7339100686277645,0.5775158374917913,0,0.080362472,-14.44954,0.170432,14.061551,0.090069528,Blue,Circle,8,0.7,37,Palmsens_37,37
38,Palmsens,0.5,100,2.69970892735736,-0.9192963413591422,0.5775098020639101,0,0.080362472,-14.446721,0.170432,14.088795,0.090069528,Blue,Circle,8,0.7,38,Palmsens_38,38
39,Palmsens,0.5,100,1.974230041673269,-1.292275584876051,0.5775079733513238,0,0.080362472,-14.43263,0.170432,14.102886,0.090069528,Blue,Circle,8,0.7,39,Palmsens_39,39
40,Palmsens,0.5,100,2.081032759614752,-0.8214437655859226,0.5775037854232592,0,0.080362472,-14.437327,0.170432,14.118857,0.090069528,Blue,Circle,8,0.7,40,Palmsens_40,40
41,Palmsens,0.5,100,1.8609869749354544,-1.1060050960578436,0.3040486859178966,0,0.100378032,-14.607366,0.190448,16.438336,0.090069968,Blue,Circle,8,0.7,41,Palmsens_41,41
42,Palmsens,0.5,100,1.1112570834360744,-1.1232308157617454,0.3040351578497395,0,0.100378032,-14.686279,0.190448,16.461823,0.090069968,Blue,Circle,8,0.7,42,Palmsens_42,42
43,Palmsens,0.5,100,1.0765105272825228,-1.082993030574384,0.25951871660031,0,0.110385808,-14.788678,0.190448,16.460882,0.080062192,Blue,Circle,8,0.7,43,Palmsens_43,43
44,Palmsens,0.5,100,1.5465892953838822,-1.1690157407864108,0.2595158440441105,0,0.110385808,-14.801831,0.190448,16.467458,0.080062192,Blue,Circle,8,0.7,44,Palmsens_44,44
45,Palmsens,0.5,100,1.4526324063238063,-0.9487507920061932,0.2595117919825153,0,0.110385808,-14.824377,0.190448,16.474974,0.080062192,Blue,Circle,8,0.7,45,Palmsens_45,45
46,Palmsens,0.5,100,1.933129655213417,-1.316069399793861,0.2595015519835141,0,0.110385808,-14.864773,0.190448,16.501278,0.080062192,Blue,Circle,8,0.7,46,Palmsens_46,46
47,Palmsens,0.5,100,1.4292712682857285,-0.7315739566599582,0.2594874895408876,0,0.110385808,-14.912684,0.190448,16.540736,0.080062192,Blue,Circle,8,0.7,47,Palmsens_47,47
48,Palmsens,0.5,100,1.2161766739369515,-0.7567100181673151,0.2594715237558695,0,0.110385808,-14.972808,0.190448,16.583009,0.080062192,Blue,Circle,8,0.7,48,Palmsens_48,48
49,Palmsens,0.5,100,0.7521642887069087,-1.1434430289509,0.2594534917097023,0,0.110385808,-15.025417,0.190448,16.637497,0.080062192,Blue,Circle,8,0.7,49,Palmsens_49,49
50,Palmsens,0.5,100,1.2969526725229512,-0.985120150049828,0.3039503511675432,0,0.100378032,-15.005689,0.190448,16.686348,0.090069968,Blue,Circle,8,0.7,50,Palmsens_50,50
81,Palmsens,1.0,100,0.8971957804575807,-0.9123325323804264,0.1757436656036962,0,0.110385808,-39.24984,0.200455,40.170492,0.0900691919999999,Blue,Circle,8,0.7,51,Palmsens_51,51
82,Palmsens,1.0,100,0.8364151066532777,-0.9618275208081212,0.1756576097295276,0,0.110385808,-39.494092,0.200455,40.433536,0.0900691919999999,Blue,Circle,8,0.7,52,Palmsens_52,52
83,Palmsens,1.0,100,0.826663434167387,-0.7504726124040679,0.1755901493256351,0,0.110385808,-39.663192,0.200455,40.649604,0.0900691919999999,Blue,Circle,8,0.7,53,Palmsens_53,53
84,Palmsens,1.0,100,0.880542922589451,-0.8947591847453634,0.1755346217366377,0,0.110385808,-39.907448,0.200455,40.781128,0.0900691919999999,Blue,Circle,8,0.7,54,Palmsens_54,54
85,Palmsens,1.0,100,1.1210006581125844,-0.8614893763639699,0.175468449102779,0,0.110385808,-40.170492,0.200455,40.950228,0.0900691919999999,Blue,Circle,8,0.7,55,Palmsens_55,55
86,Palmsens,1.0,100,0.7408212365933557,-1.3081563451791545,0.0834895442285099,0,0.110385808,-40.367776,0.210463,41.015988,0.100077192,Blue,Circle,8,0.7,56,Palmsens_56,56
87,Palmsens,1.0,100,0.8627840657810142,-1.0266725927944722,0.0834111800676667,0,0.110385808,-40.536872,0.210463,41.279032,0.100077192,Blue,Circle,8,0.7,57,Palmsens_57,57
88,Palmsens,1.0,100,0.6445957548296117,-0.5904806751037526,0.0833818707744041,0,0.110385808,-40.546268,0.210463,41.401156,0.100077192,Blue,Circle,8,0.7,58,Palmsens_58,58
89,Palmsens,1.0,100,0.1851053645271277,-0.9243247754246472,0.0833473075321494,0,0.110385808,-40.649604,0.210463,41.504496,0.100077192,Blue,Circle,8,0.7,59,Palmsens_59,59
90,Palmsens,1.0,100,0.9016322143014563,-1.0425203084388626,0.0833025445865072,0,0.110385808,-40.724764,0.210463,41.6642,0.100077192,Blue,Circle,8,0.7,60,Palmsens_60,60
91,Palmsens,1.0,100,1.9204408382666636,-0.6915132881629333,0.3601324371228929,0,0.090370248,-30.503644,0.190448,29.197822,0.100077752,Blue,Circle,8,0.7,61,Palmsens_61,61
92,Palmsens,1.0,100,1.346048070504459,-0.7120020757138088,0.3600940280788463,0,0.090370248,-30.644562,0.190448,29.30116,0.100077752,Blue,Circle,8,0.7,62,Palmsens_62,62
93,Palmsens,1.0,100,1.0586760687248138,-0.9557856711965412,0.3600763942811216,0,0.090370248,-30.710322,0.190448,29.348134,0.100077752,Blue,Circle,8,0.7,63,Palmsens_63,63
94,Palmsens,1.0,100,1.0560350473472409,-0.9821740263248152,0.3600406128256309,0,0.090370248,-30.804264,0.190448,29.460864,0.100077752,Blue,Circle,8,0.7,64,Palmsens_64,64
95,Palmsens,1.0,100,1.4542952080307054,-0.8492240040079555,0.3600220176697831,0,0.090370248,-30.879422,0.190448,29.507836,0.100077752,Blue,Circle,8,0.7,65,Palmsens_65,65
96,Palmsens,1.0,100,1.603900213623764,-1.0384931317593955,0.3600176560961023,0,0.090370248,-30.879422,0.190448,29.526626,0.100077752,Blue,Circle,8,0.7,66,Palmsens_66,66
97,Palmsens,1.0,100,1.3214856273076845,-0.7003318504865063,0.3600101525547093,0,0.090370248,-30.888816,0.190448,29.55481,0.100077752,Blue,Circle,8,0.7,67,Palmsens_67,67
98,Palmsens,1.0,100,1.5054091123846451,-0.9267978479497108,0.3600118178566538,0,0.090370248,-30.851238,0.190448,29.564204,0.100077752,Blue,Circle,8,0.7,68,Palmsens_68,68
99,Palmsens,1.0,100,1.2128909763873013,-0.5386154086772008,0.360021244224035,0,0.090370248,-30.823056,0.190448,29.53602,0.100077752,Blue,Circle,8,0.7,69,Palmsens_69,69
100,Palmsens,1.0,100,1.254672399188092,-0.9521388684500176,0.3600291936660907,0,0.090370248,-30.766688,0.190448,29.526626,0.100077752,Blue,Circle,8,0.7,70,Palmsens_70,70
101,Palmsens,1.0,100,0.8666533097483489,-1.033702213162663,0.3588349857573416,0,0.090370248,-34.082912,0.190448,33.209234,0.100077752,Blue,Circle,8,0.7,71,Palmsens_71,71
102,Palmsens,1.0,100,1.1440256002997071,-0.4514057025816784,0.3588099184941367,0,0.090370248,-34.24262,0.190448,33.24681,0.100077752,Blue,Circle,8,0.7,72,Palmsens_72,72
103,Palmsens,1.0,100,1.4039326169377866,-1.237051672305943,0.3587804207145131,0,0.090370248,-34.317772,0.190448,33.340754,0.100077752,Blue,Circle,8,0.7,73,Palmsens_73,73
104,Palmsens,1.0,100,1.740080587319145,-1.1427674100689198,0.3587770892370068,0,0.090370248,-34.392932,0.190448,33.321968,0.100077752,Blue,Circle,8,0.7,74,Palmsens_74,74
105,Palmsens,1.0,100,1.2631082934974112,-0.9714119377034228,0.3587461143273712,0,0.090370248,-34.4399,0.190448,33.434702,0.100077752,Blue,Circle,8,0.7,75,Palmsens_75,75
106,Palmsens,1.0,100,1.2737001380340218,-1.1645612716258449,0.3587102624414654,0,0.090370248,-34.449296,0.190448,33.585012,0.100077752,Blue,Circle,8,0.7,76,Palmsens_76,76
107,Palmsens,1.0,100,1.2850908174368536,-0.5928780343837525,0.3587473341928971,0,0.090370248,-34.449296,0.190448,33.425304,0.100077752,Blue,Circle,8,0.7,77,Palmsens_77,77
108,Palmsens,1.0,100,1.5581841928313518,-0.8719470996130732,0.3587393149344861,0,0.090370248,-34.421112,0.190448,33.472278,0.100077752,Blue,Circle,8,0.7,78,Palmsens_78,78
109,Palmsens,1.0,100,1.161252500569471,-1.113253692449125,0.3587443795234999,0,0.090370248,-34.392932,0.190448,33.462884,0.100077752,Blue,Circle,8,0.7,79,Palmsens_79,79
110,Palmsens,1.0,100,1.165875474654451,-0.701728971023061,0.35874918720253,0,0.090370248,-34.345956,0.190448,33.462884,0.100077752,Blue,Circle,8,0.7,80,Palmsens_80,80
111,Palmsens,1.0,100,1.3758966961937975,-0.9054944931859636,0.360830549091828,0,0.090370248,-28.220804,0.190448,27.196812,0.100077752,Blue,Circle,8,0.7,81,Palmsens_81,81
112,Palmsens,1.0,100,1.4438659246560643,-0.681934947469992,0.3608044505992738,0,0.090370248,-28.305354,0.190448,27.271968,0.100077752,Blue,Circle,8,0.7,82,Palmsens_82,82
113,Palmsens,1.0,100,1.3954157706608343,-1.025528833653113,0.3607848944398052,0,0.090370248,-28.389902,0.190448,27.31894,0.100077752,Blue,Circle,8,0.7,83,Palmsens_83,83
114,Palmsens,1.0,100,1.2756431500994347,-1.0253399180607126,0.3607628993279573,0,0.090370248,-28.455664,0.190448,27.384702,0.100077752,Blue,Circle,8,0.7,84,Palmsens_84,84
115,Palmsens,1.0,100,1.256576899417028,-0.9532817519458002,0.3607559119678263,0,0.090370248,-28.502636,0.190448,27.394094,0.100077752,Blue,Circle,8,0.7,85,Palmsens_85,85
116,Palmsens,1.0,100,1.6034986870283756,-1.0314959134522257,0.3607433431684887,0,0.090370248,-28.540212,0.190448,27.431674,0.100077752,Blue,Circle,8,0.7,86,Palmsens_86,86
117,Palmsens,1.0,100,1.546912336064889,-0.8066889384882233,0.3607370590283774,0,0.090370248,-28.559002,0.190448,27.450462,0.100077752,Blue,Circle,8,0.7,87,Palmsens_87,87
118,Palmsens,1.0,100,1.2502546655280145,-0.861045736223991,0.360741420137814,0,0.090370248,-28.559002,0.190448,27.431674,0.100077752,Blue,Circle,8,0.7,88,Palmsens_88,88
119,Palmsens,1.0,100,1.4887247817093017,-0.5596118084944433,0.3607402014603339,0,0.090370248,-28.549608,0.190448,27.441066,0.100077752,Blue,Circle,8,0.7,89,Palmsens_89,89
120,Palmsens,1.0,100,1.2811353477592675,-0.7306841184157195,0.3607399432673596,0,0.090370248,-28.53082,0.190448,27.450462,0.100077752,Blue,Circle,8,0.7,90,Palmsens_90,90
121,Palmsens,1.0,100,2.016410102093817,-0.7442417780535813,0.5880409201150295,0,0.080362472,-32.852246,0.170432,30.249996,0.090069528,Blue,Circle,8,0.7,91,Palmsens_91,91
122,Palmsens,1.0,100,1.81984629945556,-1.0664673203761004,0.5879939072625578,0,0.080362472,-32.842854,0.170432,30.456672,0.090069528,Blue,Circle,8,0.7,92,Palmsens_92,92
123,Palmsens,1.0,100,1.759712880389248,-0.9861608881423548,0.5879689585596168,0,0.080362472,-32.852246,0.170432,30.560012,0.090069528,Blue,Circle,8,0.7,93,Palmsens_93,93
124,Palmsens,1.0,100,2.275416448795903,-0.8822155579902433,0.5879379835001656,0,0.080362472,-32.89922,0.170432,30.672744,0.090069528,Blue,Circle,8,0.7,94,Palmsens_94,94
125,Palmsens,1.0,100,2.866452118559501,-0.92074532732771,0.5879050853551687,0,0.080362472,-32.96498,0.170432,30.785478,0.090069528,Blue,Circle,8,0.7,95,Palmsens_95,95
126,Palmsens,1.0,100,1.866809161526032,-1.0060905770940023,0.5878724451984595,0,0.080362472,-33.04953,0.170432,30.888816,0.090069528,Blue,Circle,8,0.7,96,Palmsens_96,96
127,Palmsens,1.0,100,2.095597739600878,-1.1311795517170395,0.5878354439323138,0,0.080362472,-33.13408,0.170432,31.010942,0.090069528,Blue,Circle,8,0.7,97,Palmsens_97,97
128,Palmsens,1.0,100,1.8039856108308727,-1.0571423126303694,0.5878059459480036,0,0.080362472,-33.209234,0.170432,31.104886,0.090069528,Blue,Circle,8,0.7,98,Palmsens_98,98
129,Palmsens,1.0,100,2.364526347713942,-1.079565501840378,0.5877767054877371,0,0.080362472,-33.303178,0.170432,31.189436,0.090069528,Blue,Circle,8,0.7,99,Palmsens_99,99
130,Palmsens,1.0,100,1.5375527468262888,-0.855889591291101,0.5877534914388516,0,0.080362472,-33.359544,0.170432,31.264592,0.090069528,Blue,Circle,8,0.7,100,Palmsens_100,100
181,Palmsens,5.0,100,0.969944973346734,-0.6391823249424703,0.2234028228688026,0,0.060346908,-128.703392,0.230479,122.954016,0.1701320919999999,Blue,Circle,8,0.7,101,Palmsens_101,101
182,Palmsens,5.0,100,1.1648751003391378,-0.3541315530417713,0.2233747014816648,0,0.060346908,-129.276464,0.230479,122.822496,0.1701320919999999,Blue,Circle,8,0.7,102,Palmsens_102,102
183,Palmsens,5.0,100,1.248912798841914,-0.7125851689697618,0.1313312404915851,0,0.060346908,-129.661624,0.240486,123.123112,0.180139092,Blue,Circle,8,0.7,103,Palmsens_103,103
184,Palmsens,5.0,100,0.9990356355947668,-0.5827218896024353,0.1312534606760694,0,0.060346908,-129.952848,0.240486,123.329792,0.180139092,Blue,Circle,8,0.7,104,Palmsens_104,104
185,Palmsens,5.0,100,0.6191317635721256,-0.5944529434552923,0.2232299760908603,0,0.060346908,-129.774352,0.230479,123.226464,0.1701320919999999,Blue,Circle,8,0.7,105,Palmsens_105,105
186,Palmsens,5.0,100,1.16538324169858,-0.5482037760775241,0.2233464431375396,0,0.060346908,-129.680424,0.230479,122.766128,0.1701320919999999,Blue,Circle,8,0.7,106,Palmsens_106,106
187,Palmsens,5.0,100,0.6437356037508406,-0.395307894148253,0.2233240503498225,0,0.060346908,-129.558288,0.230479,122.916448,0.1701320919999999,Blue,Circle,8,0.7,107,Palmsens_107,107
188,Palmsens,5.0,100,0.8630322195124205,-0.7322614973765921,0.1313484747712611,0,0.060346908,-129.407984,0.240486,123.160696,0.180139092,Blue,Circle,8,0.7,108,Palmsens_108,108
189,Palmsens,5.0,100,1.082569279784068,-0.6078817796971635,0.131312555799594,0,0.060346908,-129.332824,0.240486,123.348576,0.180139092,Blue,Circle,8,0.7,109,Palmsens_109,109
190,Palmsens,5.0,100,0.7465683474179844,-0.2314088230312216,0.1313021669809886,0,0.060346908,-129.370392,0.240486,123.376768,0.180139092,Blue,Circle,8,0.7,110,Palmsens_110,110
191,Palmsens,5.0,100,1.4778037456988942,-0.3273149142899818,0.2688981330943998,0,0.03032357,-118.529256,0.240486,110.590976,0.21016243,Blue,Circle,8,0.7,111,Palmsens_111,111
192,Palmsens,5.0,100,1.0425895385847832,-0.145785118877006,0.2688449958636887,0,0.03032357,-119.02716,0.240486,110.600368,0.21016243,Blue,Circle,8,0.7,112,Palmsens_112,112
193,Palmsens,5.0,100,1.330637467332314,-0.5528831147204261,0.2688067264924264,0,0.03032357,-119.337168,0.240486,110.628552,0.21016243,Blue,Circle,8,0.7,113,Palmsens_113,113
194,Palmsens,5.0,100,1.0714882305080842,-0.6495066512887993,0.2687690202041554,0,0.03032357,-119.449904,0.240486,110.741288,0.21016243,Blue,Circle,8,0.7,114,Palmsens_114,114
195,Palmsens,5.0,100,1.697367639871204,-1.0024078755861552,0.2688031163234851,0,0.03032357,-119.074128,0.240486,110.76008,0.21016243,Blue,Circle,8,0.7,115,Palmsens_115,115
196,Palmsens,5.0,100,1.457080210938893,-0.5051608608086988,0.2689056773182857,0,0.03032357,-119.15868,0.240486,110.28096,0.21016243,Blue,Circle,8,0.7,116,Palmsens_116,116
197,Palmsens,5.0,100,0.979559194659956,-1.025045509713912,0.268928186290175,0,0.03032357,-119.130496,0.240486,110.196416,0.21016243,Blue,Circle,8,0.7,117,Palmsens_117,117
198,Palmsens,5.0,100,1.490450958542957,-0.4034870707044695,0.2689819795395453,0,0.03032357,-118.839272,0.240486,110.093072,0.21016243,Blue,Circle,8,0.7,118,Palmsens_118,118
199,Palmsens,5.0,100,1.1480110006510509,-0.6011475771142032,0.2690068592448776,0,0.03032357,-118.74532,0.240486,110.027312,0.21016243,Blue,Circle,8,0.7,119,Palmsens_119,119
200,Palmsens,5.0,100,0.9107723388858427,-0.7592517347358496,0.2689967283196153,0,0.03032357,-118.801688,0.240486,110.046104,0.21016243,Blue,Circle,8,0.7,120,Palmsens_120,120
201,Palmsens,5.0,100,0.5397649721428734,-0.2841357749252176,0.1288981036132927,0,0.060346908,-134.856,0.240486,131.31504,0.180139092,Blue,Circle,8,0.7,121,Palmsens_121,121
202,Palmsens,5.0,100,1.292398896674625,-0.5609864716044154,0.1288602190479201,0,0.060346908,-135.354,0.240486,131.25868,0.180139092,Blue,Circle,8,0.7,122,Palmsens_122,122
203,Palmsens,5.0,100,0.5787297649852039,-0.6345603962169635,0.1288012135289029,0,0.060346908,-135.824,0.240486,131.305656,0.180139092,Blue,Circle,8,0.7,123,Palmsens_123,123
204,Palmsens,5.0,100,0.9205271332816434,-0.2421931549568262,0.1287303251966133,0,0.060346908,-135.984,0.240486,131.540504,0.180139092,Blue,Circle,8,0.7,124,Palmsens_124,124
205,Palmsens,5.0,100,0.6929289438103255,-0.5470423875678092,0.1732154612701519,0,0.050339128,-136.275,0.240486,131.502936,0.190146872,Blue,Circle,8,0.7,125,Palmsens_125,125
206,Palmsens,5.0,100,0.7751804048657096,-0.5823671405033843,0.1288087149801368,0,0.060346908,-136.049,0.240486,131.174136,0.180139092,Blue,Circle,8,0.7,126,Palmsens_126,126
207,Palmsens,5.0,100,0.939840038404886,-0.5049659462152665,0.1287230334359863,0,0.060346908,-136.247,0.240486,131.45596,0.180139092,Blue,Circle,8,0.7,127,Palmsens_127,127
208,Palmsens,5.0,100,0.6639492217588103,-0.5376497343808962,0.1287170896813458,0,0.060346908,-136.369,0.240486,131.427776,0.180139092,Blue,Circle,8,0.7,128,Palmsens_128,128
209,Palmsens,5.0,100,0.8937682869502502,-0.2735032568566004,0.1286737505308114,0,0.060346908,-136.622,0.240486,131.502936,0.180139092,Blue,Circle,8,0.7,129,Palmsens_129,129
210,Palmsens,5.0,100,0.6623734393652185,-0.4330372826913536,0.0365597840164237,0,0.060346908,-136.754,0.250494,132.179336,0.190147092,Blue,Circle,8,0.7,130,Palmsens_130,130
211,Palmsens,5.0,100,1.2381978799404874,-0.6731096383881378,0.2267315030065984,0,0.040331348,-111.117064,0.240486,103.780032,0.200154652,Blue,Circle,8,0.7,131,Palmsens_131,131
212,Palmsens,5.0,100,1.3580634046124684,-0.6890734932546245,0.2267465291951128,0,0.040331348,-111.417688,0.240486,103.582752,0.200154652,Blue,Circle,8,0.7,132,Palmsens_132,132
213,Palmsens,5.0,100,0.7961588024218714,-0.7873044118456001,0.2266671751162702,0,0.040331348,-112.150456,0.240486,103.601536,0.200154652,Blue,Circle,8,0.7,133,Palmsens_133,133
214,Palmsens,5.0,100,0.8027986681141106,-0.1886839440222583,0.226612282064112,0,0.040331348,-112.281976,0.240486,103.780032,0.200154652,Blue,Circle,8,0.7,134,Palmsens_134,134
215,Palmsens,5.0,100,1.087179997656528,-0.6385325572945724,0.2265861851141059,0,0.040331348,-112.36652,0.240486,103.855184,0.200154652,Blue,Circle,8,0.7,135,Palmsens_135,135
216,Palmsens,5.0,100,1.590274189288428,-0.3321605171798799,0.2265777886382125,0,0.040331348,-112.469864,0.240486,103.845792,0.200154652,Blue,Circle,8,0.7,136,Palmsens_136,136
217,Palmsens,5.0,100,1.2859037085764315,-0.6935144812307346,0.2265200827059757,0,0.040331348,-112.714112,0.240486,103.986704,0.200154652,Blue,Circle,8,0.7,137,Palmsens_137,137
218,Palmsens,5.0,100,0.8382698551231644,-0.6010723025504334,0.2709513258612874,0,0.03032357,-113.212016,0.240486,104.090048,0.21016243,Blue,Circle,8,0.7,138,Palmsens_138,138
219,Palmsens,5.0,100,0.7227424747318152,-0.1668509915251789,0.27089542244754,0,0.03032357,-113.5878,0.240486,104.1652,0.21016243,Blue,Circle,8,0.7,139,Palmsens_139,139
220,Palmsens,5.0,100,0.9544762088601776,-0.7465816042334619,0.2708936191103042,0,0.03032357,-113.456272,0.240486,104.23096,0.21016243,Blue,Circle,8,0.7,140,Palmsens_140,140
221,Palmsens,5.0,100,1.5849523983561826,-0.7193939403612787,0.5396821231518998,0,0.03032357,-134.828,0.210463,125.105344,0.18013943,Blue,Circle,8,0.7,141,Palmsens_141,141
222,Palmsens,5.0,100,2.2257098108091835,-0.2206658263404862,0.5396968111814251,0,0.03032357,-135.345,0.210463,124.81412,0.18013943,Blue,Circle,8,0.7,142,Palmsens_142,142
223,Palmsens,5.0,100,2.021093528131221,-0.0666702776939323,0.5396786208254039,0,0.03032357,-135.608,0.210463,124.776528,0.18013943,Blue,Circle,8,0.7,143,Palmsens_143,143
224,Palmsens,5.0,100,2.146676941982932,-1.013280055477097,0.5396399664287682,0,0.03032357,-135.73,0.210463,124.889264,0.18013943,Blue,Circle,8,0.7,144,Palmsens_144,144
225,Palmsens,5.0,100,1.3293792575246652,-0.4564928236917652,0.5396227575587276,0,0.03032357,-135.749,0.210463,124.955024,0.18013943,Blue,Circle,8,0.7,145,Palmsens_145,145
226,Palmsens,5.0,100,1.6487167382337853,-0.5587552537255269,0.5396144815802223,0,0.03032357,-135.702,0.210463,125.0114,0.18013943,Blue,Circle,8,0.7,146,Palmsens_146,146
227,Palmsens,5.0,100,1.894795612413688,-0.3936773603143051,0.5396168760573118,0,0.03032357,-135.636,0.210463,125.030184,0.18013943,Blue,Circle,8,0.7,147,Palmsens_147,147
228,Palmsens,5.0,100,2.177690864034716,-0.6474587656886736,0.5396258357008672,0,0.03032357,-135.655,0.210463,124.983208,0.18013943,Blue,Circle,8,0.7,148,Palmsens_148,148
229,Palmsens,5.0,100,1.610708367218553,-0.635980694954732,0.5396310067852128,0,0.03032357,-135.711,0.210463,124.93624,0.18013943,Blue,Circle,8,0.7,149,Palmsens_149,149
230,Palmsens,5.0,100,2.354841808079806,-0.5687202332191477,0.5395542581325977,0,0.03032357,-135.843,0.210463,125.20868,0.18013943,Blue,Circle,8,0.7,150,Palmsens_150,150
281,Palmsens,10.0,100,1.089436253421061,0.2369915230134995,0.1970723028166432,0,0.010308012,-260.976,0.27051,248.842,0.260201988,Blue,Circle,8,0.7,151,Palmsens_151,151
282,Palmsens,10.0,100,0.4479513777499366,-0.0903845968208397,0.1969355857044302,0,0.010308012,-261.45,0.27051,249.222,0.260201988,Blue,Circle,8,0.7,152,Palmsens_152,152
283,Palmsens,10.0,100,1.0339765805867145,0.0137851699551837,0.1969602436698983,0,0.010308012,-261.64,0.27051,249.032,0.260201988,Blue,Circle,8,0.7,153,Palmsens_153,153
284,Palmsens,10.0,100,0.7591026625713055,0.0329506531956656,0.1968334812935969,0,0.010308012,-262.019,0.27051,249.411,0.260201988,Blue,Circle,8,0.7,154,Palmsens_154,154
285,Palmsens,10.0,100,1.5149044940418657,0.2148442402587418,0.1967188157779602,0,0.010308012,-262.493,0.27051,249.696,0.260201988,Blue,Circle,8,0.7,155,Palmsens_155,155
286,Palmsens,10.0,100,1.2170469950363638,0.0684553993586395,0.1967381586623411,0,0.010308012,-262.304,0.27051,249.696,0.260201988,Blue,Circle,8,0.7,156,Palmsens_156,156
287,Palmsens,10.0,100,1.0327614126620244,0.5508271876875449,0.1966652220930346,0,0.010308012,-262.588,0.27051,249.885,0.260201988,Blue,Circle,8,0.7,157,Palmsens_157,157
288,Palmsens,10.0,100,1.5406619945475888,-0.213172460540491,0.1965675252149561,0,0.010308012,-262.683,0.27051,250.264,0.260201988,Blue,Circle,8,0.7,158,Palmsens_158,158
289,Palmsens,10.0,100,0.4030966289247107,0.2933782708798236,0.1963869370316598,0,0.010308012,-263.157,0.27051,250.833,0.260201988,Blue,Circle,8,0.7,159,Palmsens_159,159
290,Palmsens,10.0,100,1.2978710846859782,0.163441122003736,0.1960821928409538,0,0.010308012,-264.2,0.27051,251.686,0.260201988,Blue,Circle,8,0.7,160,Palmsens_160,160
291,Palmsens,10.0,100,0.8365475570666915,0.2978214635764585,0.2463642908379111,0,-0.039730884,-230.585,0.290525,216.409,0.330255884,Blue,Circle,8,0.7,161,Palmsens_161,161
292,Palmsens,10.0,100,1.2693617930225427,-0.1471462170583762,0.2463254620241662,0,-0.039730884,-230.538,0.290525,216.597,0.330255884,Blue,Circle,8,0.7,162,Palmsens_162,162
293,Palmsens,10.0,100,1.3575840073895546,-0.1214048223353057,0.2462986086132619,0,-0.039730884,-230.501,0.290525,216.729,0.330255884,Blue,Circle,8,0.7,163,Palmsens_163,163
294,Palmsens,10.0,100,1.017146230417444,0.1205640331789589,0.2463645775169822,0,-0.039730884,-230.369,0.290525,216.503,0.330255884,Blue,Circle,8,0.7,164,Palmsens_164,164
295,Palmsens,10.0,100,1.64508268639118,0.1198911802991331,0.2463977355110304,0,-0.039730884,-229.918,0.290525,216.559,0.330255884,Blue,Circle,8,0.7,165,Palmsens_165,165
296,Palmsens,10.0,100,0.7229523662219995,-0.0962336003027179,0.2464592148701621,0,-0.039730884,-229.721,0.290525,216.381,0.330255884,Blue,Circle,8,0.7,166,Palmsens_166,166
297,Palmsens,10.0,100,0.5084456289719603,0.3118880520836622,0.2464888232293224,0,-0.039730884,-229.815,0.290525,216.212,0.330255884,Blue,Circle,8,0.7,167,Palmsens_167,167
298,Palmsens,10.0,100,0.8830044152752312,-0.6885522663028212,0.246430690996557,0,-0.039730884,-230.256,0.290525,216.268,0.330255884,Blue,Circle,8,0.7,168,Palmsens_168,168
299,Palmsens,10.0,100,1.6916922425773584,-0.2098138864815318,0.2463018111637737,0,-0.039730884,-230.726,0.290525,216.616,0.330255884,Blue,Circle,8,0.7,169,Palmsens_169,169
300,Palmsens,10.0,100,1.0542299842927556,0.0782471407629286,0.2461334160222203,0,-0.039730884,-231.412,0.290525,217.039,0.330255884,Blue,Circle,8,0.7,170,Palmsens_170,170
301,Palmsens,10.0,100,0.4400892175366786,0.1422310025132619,0.0146823358924099,0,0.010308012,-256.142,0.290525,244.564,0.280216988,Blue,Circle,8,0.7,171,Palmsens_171,171
302,Palmsens,10.0,100,0.8044168499917952,0.0202499227277753,0.0146159754936768,0,0.010308012,-256.237,0.290525,244.808,0.280216988,Blue,Circle,8,0.7,172,Palmsens_172,172
303,Palmsens,10.0,100,0.2403472348388902,-0.0902325498391138,0.014602744535731,0,0.010308012,-256.237,0.290525,244.865,0.280216988,Blue,Circle,8,0.7,173,Palmsens_173,173
304,Palmsens,10.0,100,0.6251093037590014,0.3197246197398935,0.014616436951255,0,0.010308012,-255.763,0.290525,245.015,0.280216988,Blue,Circle,8,0.7,174,Palmsens_174,174
305,Palmsens,10.0,100,0.5118705113112076,-0.1484731175016542,0.0145441730216512,0,0.010308012,-256.426,0.290525,245.034,0.280216988,Blue,Circle,8,0.7,175,Palmsens_175,175
306,Palmsens,10.0,100,0.6259171465685363,-0.0769206286970732,0.0146375098199844,0,0.010308012,-256.047,0.290525,244.799,0.280216988,Blue,Circle,8,0.7,176,Palmsens_176,176
307,Palmsens,10.0,100,0.1582458200369106,-0.1509347134162878,0.0146990193817687,0,0.010308012,-255.573,0.290525,244.743,0.280216988,Blue,Circle,8,0.7,177,Palmsens_177,177
308,Palmsens,10.0,100,0.545194782454389,0.1211249365621632,0.0146281746976453,0,0.010308012,-256.331,0.290525,244.714,0.280216988,Blue,Circle,8,0.7,178,Palmsens_178,178
309,Palmsens,10.0,100,0.593637560103034,0.2562937626437385,0.0145659924961583,0,0.010308012,-256.426,0.290525,244.94,0.280216988,Blue,Circle,8,0.7,179,Palmsens_179,179
310,Palmsens,10.0,100,0.4896517456278416,0.320545933847614,0.0144123332594521,0,0.010308012,-257.374,0.290525,245.184,0.280216988,Blue,Circle,8,0.7,180,Palmsens_180,180
311,Palmsens,10.0,100,0.9205558250342574,-0.0676560570171717,0.2035432706207516,0,-0.029723104,-224.432,0.290525,211.862,0.320248104,Blue,Circle,8,0.7,181,Palmsens_181,181
312,Palmsens,10.0,100,1.5380558221849168,0.144431983908477,0.203506652363454,0,-0.029723104,-224.47,0.290525,212.003,0.320248104,Blue,Circle,8,0.7,182,Palmsens_182,182
313,Palmsens,10.0,100,0.4443261793349,0.0158321626285627,0.2035293846067522,0,-0.029723104,-224.545,0.290525,211.872,0.320248104,Blue,Circle,8,0.7,183,Palmsens_183,183
314,Palmsens,10.0,100,0.9251540519422496,-0.1070085428601755,0.2035020891473429,0,-0.029723104,-224.535,0.290525,211.994,0.320248104,Blue,Circle,8,0.7,184,Palmsens_184,184
315,Palmsens,10.0,100,0.8577662197472691,0.0594560559582965,0.2035150963041608,0,-0.029723104,-224.451,0.290525,211.975,0.320248104,Blue,Circle,8,0.7,185,Palmsens_185,185
316,Palmsens,10.0,100,0.8751480354301183,-0.1588192371983153,0.1590921114550001,0,-0.019715326,-223.511,0.290525,212.031,0.3102403259999999,Blue,Circle,8,0.7,186,Palmsens_186,186
317,Palmsens,10.0,100,1.283230408461192,0.2971436686199031,0.1590050912697093,0,-0.019715326,-223.699,0.290525,212.323,0.3102403259999999,Blue,Circle,8,0.7,187,Palmsens_187,187
318,Palmsens,10.0,100,1.1580534565913043,0.1448668543394141,0.2032531476477686,0,-0.029723104,-225.221,0.290525,212.764,0.320248104,Blue,Circle,8,0.7,188,Palmsens_188,188
319,Palmsens,10.0,100,0.7968357826019441,0.0424863830560876,0.2030756741548472,0,-0.029723104,-225.719,0.290525,213.309,0.320248104,Blue,Circle,8,0.7,189,Palmsens_189,189
320,Palmsens,10.0,100,0.9563623954218742,-0.3175336718686505,0.2028947906576162,0,-0.029723104,-226.273,0.290525,213.844,0.320248104,Blue,Circle,8,0.7,190,Palmsens_190,190
321,Palmsens,10.0,100,1.4549475865395372,0.2569303874853298,0.4206120020938061,0,-0.019715326,-260.408,0.260502,257.374,0.280217326,Blue,Circle,8,0.7,191,Palmsens_191,191
322,Palmsens,10.0,100,2.023251280718928,-0.1771937893921793,0.4204497334005941,0,-0.019715326,-262.209,0.260502,257.279,0.280217326,Blue,Circle,8,0.7,192,Palmsens_192,192
323,Palmsens,10.0,100,1.650756864048735,-0.1019799345853499,0.4202742281763157,0,-0.019715326,-263.062,0.260502,257.659,0.280217326,Blue,Circle,8,0.7,193,Palmsens_193,193
324,Palmsens,10.0,100,1.7074759997570348,0.0860176311906221,0.4200744268874041,0,-0.019715326,-263.726,0.260502,258.227,0.280217326,Blue,Circle,8,0.7,194,Palmsens_194,194
325,Palmsens,10.0,100,1.345623049663489,-0.1972975945071826,0.419954780756053,0,-0.019715326,-263.82,0.260502,258.701,0.280217326,Blue,Circle,8,0.7,195,Palmsens_195,195
326,Palmsens,10.0,100,1.5612698481281542,-0.3143601073987565,0.4197865215554907,0,-0.019715326,-264.389,0.260502,259.175,0.280217326,Blue,Circle,8,0.7,196,Palmsens_196,196
327,Palmsens,10.0,100,1.419903508911849,0.1437045389430471,0.4197009215380772,0,-0.019715326,-264.579,0.260502,259.46,0.280217326,Blue,Circle,8,0.7,197,Palmsens_197,197
328,Palmsens,10.0,100,1.4201412399360869,-0.0262713275418282,0.419596210758352,0,-0.019715326,-264.958,0.260502,259.744,0.280217326,Blue,Circle,8,0.7,198,Palmsens_198,198
329,Palmsens,10.0,100,1.6482393936467434,-0.0672087623178875,0.419488893609735,0,-0.019715326,-265.147,0.260502,260.123,0.280217326,Blue,Circle,8,0.7,199,Palmsens_199,199
330,Palmsens,10.0,100,1.4291135859037098,-0.1923107727590738,0.419488893609735,0,-0.019715326,-265.147,0.260502,260.123,0.280217326,Blue,Circle,8,0.7,200,Palmsens_200,200
371,Palmsens,20.0,100,1.90022423167171,0.7785523344357452,0.5739793105779505,0,-0.09977756,-485.93,0.310541,443.556,0.41031856,Blue,Circle,8,0.7,201,Palmsens_201,201
372,Palmsens,20.0,100,2.7250392671519057,0.9835309698631046,0.5731328088444986,0,-0.09977756,-485.172,0.310541,447.537,0.41031856,Blue,Circle,8,0.7,202,Palmsens_202,202
373,Palmsens,20.0,100,1.8484667133647696,0.6653532647805007,0.5727753645843978,0,-0.09977756,-484.793,0.310541,449.244,0.41031856,Blue,Circle,8,0.7,203,Palmsens_203,203
374,Palmsens,20.0,100,2.269702026248668,0.9641563343075268,0.5724071743161582,0,-0.09977756,-486.025,0.310541,450.287,0.41031856,Blue,Circle,8,0.7,204,Palmsens_204,204
375,Palmsens,20.0,100,2.160466595384088,0.7464559466954233,0.5720084653538658,0,-0.09977756,-485.836,0.310541,452.088,0.41031856,Blue,Circle,8,0.7,205,Palmsens_205,205
376,Palmsens,20.0,100,1.6600274994435202,0.8392333194339834,0.5718686985685673,0,-0.09977756,-485.267,0.310541,452.941,0.41031856,Blue,Circle,8,0.7,206,Palmsens_206,206
377,Palmsens,20.0,100,2.198515444990333,0.943408447060481,0.572000100599693,0,-0.09977756,-484.414,0.310541,452.751,0.41031856,Blue,Circle,8,0.7,207,Palmsens_207,207
378,Palmsens,20.0,100,1.4639480089240755,1.3659333729141914,0.5718784211824095,0,-0.09977756,-485.172,0.310541,452.941,0.41031856,Blue,Circle,8,0.7,208,Palmsens_208,208
379,Palmsens,20.0,100,1.947460421603188,0.5095141371276857,0.5715801178103908,0,-0.09977756,-485.077,0.310541,454.268,0.41031856,Blue,Circle,8,0.7,209,Palmsens_209,209
380,Palmsens,20.0,100,2.3682122411781923,0.8919438786783085,0.5715650801154613,0,-0.09977756,-484.793,0.310541,454.458,0.41031856,Blue,Circle,8,0.7,210,Palmsens_210,210
381,Palmsens,20.0,100,0.0031551737861909,1.2718543921229584,-0.0731878713988249,0,-0.079762,-492.282,0.370588,468.772,0.45035,Blue,Circle,8,0.7,211,Palmsens_211,211
382,Palmsens,20.0,100,0.2029527656777221,0.921725375166762,-0.0740636707525692,0,-0.079762,-491.808,0.370588,472.754,0.45035,Blue,Circle,8,0.7,212,Palmsens_212,212
383,Palmsens,20.0,100,0.457785119012345,1.04095982235143,-0.0746329108189431,0,-0.079762,-491.997,0.370588,475.123,0.45035,Blue,Circle,8,0.7,213,Palmsens_213,213
384,Palmsens,20.0,100,0.5394388109286545,0.7885976341147993,-0.1672055093446129,0,-0.079762,-491.997,0.380595,477.873,0.460357,Blue,Circle,8,0.7,214,Palmsens_214,214
385,Palmsens,20.0,100,-0.3321691524407135,1.0751273513905482,-0.1677109623725627,0,-0.079762,-492.851,0.380595,479.674,0.460357,Blue,Circle,8,0.7,215,Palmsens_215,215
386,Palmsens,20.0,100,0.0022613422541629,0.9230113535759814,-0.1679289808082553,0,-0.079762,-492.187,0.380595,480.906,0.460357,Blue,Circle,8,0.7,216,Palmsens_216,216
387,Palmsens,20.0,100,-0.3326118736927451,1.8045243309410364,-0.1681025550899048,0,-0.079762,-492.377,0.380595,481.57,0.460357,Blue,Circle,8,0.7,217,Palmsens_217,217
388,Palmsens,20.0,100,-0.0091394751817121,0.8951923255294919,-0.1681420186282331,0,-0.079762,-491.903,0.380595,481.949,0.460357,Blue,Circle,8,0.7,218,Palmsens_218,218
389,Palmsens,20.0,100,0.1161340119992529,0.7213996029165899,-0.1681884960682084,0,-0.079762,-491.713,0.380595,482.233,0.460357,Blue,Circle,8,0.7,219,Palmsens_219,219
390,Palmsens,20.0,100,0.5344669968086884,1.0482586040913715,-0.1683322270820683,0,-0.079762,-492.471,0.380595,482.518,0.460357,Blue,Circle,8,0.7,220,Palmsens_220,220
51,STM32,0.5,100,-2.47742607994701,0.9579332907120844,0.6100974701586743,1,0.0786,-1.509,0.1682,1.5083,0.0895999999999999,Red,Triangle,8,0.7,1,STM32_1,221
52,STM32,0.5,100,-2.105611504262684,0.6191861390960719,0.6101010066761574,1,0.0786,-1.5316,0.1682,1.4831,0.0895999999999999,Red,Triangle,8,0.7,2,STM32_2,222
53,STM32,0.5,100,-1.6558733638171454,0.7760171942712548,0.6101003670923258,1,0.0786,-1.5442,0.1682,1.4803,0.0895999999999999,Red,Triangle,8,0.7,3,STM32_3,223
54,STM32,0.5,100,-2.635169796292132,0.737362324385753,0.6101009389509887,1,0.0786,-1.5402,0.1682,1.4796,0.0895999999999999,Red,Triangle,8,0.7,4,STM32_4,224
55,STM32,0.5,100,-2.23715316873406,1.526476877993121,0.6100967745028658,1,0.0786,-1.5632,0.1682,1.4873999999999998,0.0895999999999999,Red,Triangle,8,0.7,5,STM32_5,225
56,STM32,0.5,100,-2.5489577896354,1.4068627489120265,0.6100941027872668,1,0.0786,-1.5698,0.1682,1.496,0.0895999999999999,Red,Triangle,8,0.7,6,STM32_6,226
57,STM32,0.5,100,-2.649202351302967,0.6574004828880923,0.6100945989982336,1,0.0786,-1.5679,0.1682,1.4947,0.0895999999999999,Red,Triangle,8,0.7,7,STM32_7,227
58,STM32,0.5,100,-2.399544269297498,1.2437576662058536,0.6100923717979667,1,0.0786,-1.5756,0.1682,1.5009,0.0895999999999999,Red,Triangle,8,0.7,8,STM32_8,228
59,STM32,0.5,100,-3.004531840523107,1.211982225168787,0.6100899604719929,1,0.0786,-1.5758,0.1682,1.5112,0.0895999999999999,Red,Triangle,8,0.7,9,STM32_9,229
60,STM32,0.5,100,-2.1188490452090907,0.7364183610715578,0.6100937495488137,1,0.0786,-1.5762,0.1682,1.4947,0.0895999999999999,Red,Triangle,8,0.7,10,STM32_10,230
61,STM32,0.5,100,-2.4159821097168965,1.463526515266663,0.4716825936609368,1,0.0884,-18.666,0.1779,18.581,0.0895,Red,Triangle,8,0.7,11,STM32_11,231
62,STM32,0.5,100,-3.402445863154355,0.6509296275828264,0.4717439873380173,1,0.0884,-19.055,0.1779,18.145,0.0895,Red,Triangle,8,0.7,12,STM32_12,232
63,STM32,0.5,100,-2.8429713585280134,0.7228012849723613,0.4717025083919581,1,0.0884,-19.204,0.1779,18.258,0.0895,Red,Triangle,8,0.7,13,STM32_13,233
64,STM32,0.5,100,-2.2761680629136665,0.9574098468154132,0.4716380271654123,1,0.0884,-19.326,0.1779,18.482,0.0895,Red,Triangle,8,0.7,14,STM32_14,234
65,STM32,0.5,100,-3.224278498496085,0.6683560694398599,0.4716057665152218,1,0.0884,-19.394,0.1779,18.591,0.0895,Red,Triangle,8,0.7,15,STM32_15,235
66,STM32,0.5,100,-3.113266758697806,0.3335675607271649,0.4715813203403529,1,0.0884,-19.744,0.1779,18.542,0.0895,Red,Triangle,8,0.7,16,STM32_16,236
67,STM32,0.5,100,-2.842215346509546,0.7867802029901045,0.4715803822948157,1,0.0884,-19.701,0.1779,18.565,0.0895,Red,Triangle,8,0.7,17,STM32_17,237
68,STM32,0.5,100,-3.188243893763325,0.4664855848901001,0.4715580258270444,1,0.0884,-19.738,0.1779,18.645,0.0895,Red,Triangle,8,0.7,18,STM32_18,238
69,STM32,0.5,100,-3.3100099537052934,0.7834217082106366,0.4715274997731866,1,0.0884,-19.814,0.1779,18.743,0.0895,Red,Triangle,8,0.7,19,STM32_19,239
70,STM32,0.5,100,-2.8003622148538634,0.7929936417099814,0.4714998646085758,1,0.0884,-19.83,0.1779,18.855,0.0895,Red,Triangle,8,0.7,20,STM32_20,240
71,STM32,0.5,100,-2.043831803451479,0.7133085991979793,0.5596316749670047,1,0.0683,-23.673,0.1779,22.572,0.1096,Red,Triangle,8,0.7,21,STM32_21,241
72,STM32,0.5,100,-2.912765198348186,0.9484968946728876,0.5597101513409234,1,0.0683,-23.759,0.1779,22.196,0.1096,Red,Triangle,8,0.7,22,STM32_22,242
73,STM32,0.5,100,-3.276653046335398,1.1098054135046702,0.5596816798656042,1,0.0683,-24.044,0.1779,22.193,0.1096,Red,Triangle,8,0.7,23,STM32_23,243
74,STM32,0.5,100,-2.8025942310305907,0.4970041398580621,0.5596991639286376,1,0.0683,-24.041,0.1779,22.119,0.1096,Red,Triangle,8,0.7,24,STM32_24,244
75,STM32,0.5,100,-2.757828257703294,0.9322100630979216,0.5596545351442749,1,0.0683,-23.935,0.1779,22.358,0.1096,Red,Triangle,8,0.7,25,STM32_25,245
76,STM32,0.5,100,-3.3014841108378348,0.8325961045630337,0.5597011580825015,1,0.0683,-24.051,0.1779,22.106,0.1096,Red,Triangle,8,0.7,26,STM32_26,246
77,STM32,0.5,100,-2.7123536146323217,1.17585359902889,0.5596797017451484,1,0.0683,-24.179,0.1779,22.142,0.1096,Red,Triangle,8,0.7,27,STM32_27,247
78,STM32,0.5,100,-2.5093920840056647,1.294135679784643,0.5596502311911425,1,0.0683,-24.535,0.1779,22.112,0.1096,Red,Triangle,8,0.7,28,STM32_28,248
79,STM32,0.5,100,-3.034489423142096,0.546473579460061,0.5596275951289225,1,0.0683,-24.577,0.1779,22.191000000000003,0.1096,Red,Triangle,8,0.7,29,STM32_29,249
80,STM32,0.5,100,-2.5365698259987988,0.9067370032786864,0.5596070290508047,1,0.0683,-24.533,0.1779,22.299,0.1096,Red,Triangle,8,0.7,30,STM32_30,250
131,STM32,1.0,100,-3.81010977028868,0.5879344128675784,0.5365191797288765,1,0.0786,-3.0547,0.1779,3.5435,0.0993,Red,Triangle,8,0.7,31,STM32_31,251
132,STM32,1.0,100,-2.4394948294861947,1.1293393080854242,0.6256801680926949,1,0.0786,-3.1199,0.1682,3.3117,0.0895999999999999,Red,Triangle,8,0.7,32,STM32_32,252
133,STM32,1.0,100,-3.2071376213521265,0.8763997056427411,0.6256883353689153,1,0.0786,-3.1628,0.1682,3.2576,0.0895999999999999,Red,Triangle,8,0.7,33,STM32_33,253
134,STM32,1.0,100,-3.082791353142601,0.7987226746260271,0.6256851105382785,1,0.0786,-3.2213,0.1682,3.2457000000000003,0.0895999999999999,Red,Triangle,8,0.7,34,STM32_34,254
135,STM32,1.0,100,-2.6971544569027537,1.0901720057769668,0.6256854952509692,1,0.0786,-3.2375,0.1682,3.2369,0.0895999999999999,Red,Triangle,8,0.7,35,STM32_35,255
136,STM32,1.0,100,-2.695681627189714,0.1274871809050984,0.6256828738749277,1,0.0786,-3.252,0.1682,3.2418,0.0895999999999999,Red,Triangle,8,0.7,36,STM32_36,256
137,STM32,1.0,100,-1.4669579615845798,0.4610245801356301,0.6256798383784339,1,0.0786,-3.271,0.1682,3.2465,0.0895999999999999,Red,Triangle,8,0.7,37,STM32_37,257
138,STM32,1.0,100,-2.547972733131457,1.0378337538560596,0.6256792324570113,1,0.0786,-3.2869,0.1682,3.2421,0.0895999999999999,Red,Triangle,8,0.7,38,STM32_38,258
139,STM32,1.0,100,-2.589733866311258,0.3504257157905097,0.6256737209610325,1,0.0786,-3.309,0.1682,3.2561,0.0895999999999999,Red,Triangle,8,0.7,39,STM32_39,259
140,STM32,1.0,100,-2.159812923279866,0.9746540939745714,0.6256714091425766,1,0.0786,-3.3173,0.1682,3.2624,0.0895999999999999,Red,Triangle,8,0.7,40,STM32_40,260
141,STM32,1.0,200,-2.150524304911066,0.8684253427186797,0.8069594016852673,1,0.0683,-5.061400000000001,0.1779,5.6238,0.1096,Red,Triangle,8,0.7,41,STM32_41,261
142,STM32,1.0,200,-2.703059843512748,0.3255133905818518,0.807022754366346,1,0.0683,-5.154100000000001,0.1779,5.31,0.1096,Red,Triangle,8,0.7,42,STM32_42,262
143,STM32,1.0,200,-1.958827103870643,0.8557469019555675,0.807035230142561,1,0.0683,-5.1955,0.1779,5.238,0.1096,Red,Triangle,8,0.7,43,STM32_43,263
144,STM32,1.0,200,-2.094771623318476,0.7633479924426265,0.8070357629145071,1,0.0683,-5.2318,0.1779,5.2197000000000005,0.1096,Red,Triangle,8,0.7,44,STM32_44,264
145,STM32,1.0,200,-2.7291396537433794,0.7013053784895932,0.8070403490366509,1,0.0683,-5.248,0.1779,5.1928,0.1096,Red,Triangle,8,0.7,45,STM32_45,265
146,STM32,1.0,200,-1.829813938097249,0.5246194161723737,0.8070404948763428,1,0.0683,-5.2654,0.1779,5.1845,0.1096,Red,Triangle,8,0.7,46,STM32_46,266
147,STM32,1.0,200,-1.8175509847917355,1.3668759537116657,0.8070391868857483,1,0.0683,-5.2775,0.1779,5.1848,0.1096,Red,Triangle,8,0.7,47,STM32_47,267
148,STM32,1.0,200,-2.025146438905794,0.9111297828065068,0.8070325910747342,1,0.0683,-5.3077,0.1779,5.1999,0.1096,Red,Triangle,8,0.7,48,STM32_48,268
149,STM32,1.0,200,-2.1603718128358684,1.1843291723488365,0.8070319149004683,1,0.0683,-5.3354,0.1779,5.1906,0.1096,Red,Triangle,8,0.7,49,STM32_49,269
150,STM32,1.0,200,-1.806221997310612,0.6567194875253027,0.8070253472333784,1,0.0683,-5.346500000000001,0.1779,5.214,0.1096,Red,Triangle,8,0.7,50,STM32_50,270
151,STM32,1.0,20,-2.0139408960657854,0.6546108546495086,0.5820057843198652,1,0.0683,-1.1809,0.1584,0.95494,0.0901,Red,Triangle,8,0.7,51,STM32_51,271
152,STM32,1.0,20,-2.778155141701332,0.2753122763495949,0.5820020953824808,1,0.0683,-1.1878000000000002,0.1584,0.96779,0.0901,Red,Triangle,8,0.7,52,STM32_52,272
153,STM32,1.0,20,-2.6072157076606075,1.0175577414496255,0.582000877262461,1,0.0683,-1.1831,0.1584,0.97511,0.0901,Red,Triangle,8,0.7,53,STM32_53,273
154,STM32,1.0,20,-2.8194244255041045,0.6499095198578483,0.5820006087312976,1,0.0683,-1.1774,0.1584,0.97878,0.0901,Red,Triangle,8,0.7,54,STM32_54,274
155,STM32,1.0,20,-2.5914635690883263,0.4811878951553495,0.5819953807166584,1,0.0683,-1.1826,0.1584,0.99901,0.0901,Red,Triangle,8,0.7,55,STM32_55,275
156,STM32,1.0,20,-1.91636088327388,0.4833928143802262,0.5819971778372041,1,0.0683,-1.1603,0.1584,1.0011,0.0901,Red,Triangle,8,0.7,56,STM32_56,276
157,STM32,1.0,20,-3.1117632349044237,1.1155624322427398,0.4919630021515698,1,0.0683,-1.199,0.1682,0.99102,0.0998999999999999,Red,Triangle,8,0.7,57,STM32_57,277
158,STM32,1.0,20,-2.9510533865104187,1.0355926648540654,0.4919613421612458,1,0.0683,-1.1983,0.1682,0.99848,0.0998999999999999,Red,Triangle,8,0.7,58,STM32_58,278
159,STM32,1.0,20,-3.333849062493576,0.2547832801351139,0.4919587045209634,1,0.0683,-1.2018,0.1682,1.0083,0.0998999999999999,Red,Triangle,8,0.7,59,STM32_59,279
160,STM32,1.0,20,-3.5463363812109434,0.9897126459153548,0.4461508598736165,1,0.0786,-1.1909999999999998,0.1682,1.0221,0.0895999999999999,Red,Triangle,8,0.7,60,STM32_60,280
161,STM32,1.0,400,-1.6142960840494196,0.5629070587119925,1.1155288340386909,1,0.0585,-8.168000000000001,0.198,8.5604,0.1395,Red,Triangle,8,0.7,61,STM32_61,281
162,STM32,1.0,400,-0.7103874394096783,0.9943646895992376,1.2055877295086834,1,0.0585,-8.3123,0.1882,8.3833,0.1297,Red,Triangle,8,0.7,62,STM32_62,282
163,STM32,1.0,400,-1.6281406104389924,0.8478430334263924,1.2055849565919232,1,0.0585,-8.3809,0.1882,8.365,0.1297,Red,Triangle,8,0.7,63,STM32_63,283
164,STM32,1.0,400,-0.5598296469313544,0.7363639817095153,1.205582884449105,1,0.0585,-8.4329,0.1882,8.351,0.1297,Red,Triangle,8,0.7,64,STM32_64,284
165,STM32,1.0,400,-0.8051118599932163,0.940887331518058,1.2055708816735868,1,0.0585,-8.464899999999998,0.1882,8.3886,0.1297,Red,Triangle,8,0.7,65,STM32_65,285
166,STM32,1.0,400,-0.7292253187569091,-0.0119467925166586,1.2055624026221543,1,0.0585,-8.5008,0.1882,8.4093,0.1297,Red,Triangle,8,0.7,66,STM32_66,286
167,STM32,1.0,400,-1.3947640288061096,0.6115270410762865,1.205559101680686,1,0.0585,-8.5326,0.1882,8.4095,0.1297,Red,Triangle,8,0.7,67,STM32_67,287
168,STM32,1.0,400,-1.409606436335812,0.7334806118012166,1.205552195664472,1,0.0585,-8.5588,0.1882,8.427700000000002,0.1297,Red,Triangle,8,0.7,68,STM32_68,288
169,STM32,1.0,400,-1.4416635662307375,0.8738563010175168,1.2055449163414946,1,0.0585,-8.5764,0.1882,8.4513,0.1297,Red,Triangle,8,0.7,69,STM32_69,289
170,STM32,1.0,400,-1.3666296195076415,0.9548872554144062,1.205540379234224,1,0.0585,-8.600999999999999,0.1882,8.46,0.1297,Red,Triangle,8,0.7,70,STM32_70,290
171,STM32,1.0,50,-3.1313557748209813,0.6185528049517183,0.5134744495484522,1,0.0786,-1.9737,0.1682,1.8541,0.0895999999999999,Red,Triangle,8,0.7,71,STM32_71,291
172,STM32,1.0,50,-2.572488627763055,0.7550896833353622,0.559279318810058,1,0.0683,-1.9825,0.1682,1.854,0.0998999999999999,Red,Triangle,8,0.7,72,STM32_72,292
173,STM32,1.0,50,-1.9804077319873623,1.0837765718047432,0.5134725372083837,1,0.0786,-1.9942,0.1682,1.8533,0.0895999999999999,Red,Triangle,8,0.7,73,STM32_73,293
174,STM32,1.0,50,-2.90175728186046,0.6044311202839133,0.5134726418948825,1,0.0786,-2.0086,0.1682,1.8465,0.0895999999999999,Red,Triangle,8,0.7,74,STM32_74,294
175,STM32,1.0,50,-2.6847676319971234,0.1484820793150763,0.5134734042906784,1,0.0786,-1.9948,0.1682,1.8493,0.0895999999999999,Red,Triangle,8,0.7,75,STM32_75,295
176,STM32,1.0,50,-2.7129004188001757,0.8436548767665614,0.5134700228306441,1,0.0786,-2.0165,0.1682,1.8543,0.0895999999999999,Red,Triangle,8,0.7,76,STM32_76,296
177,STM32,1.0,50,-3.2797142422220205,1.0033990174812129,0.5134659506759739,1,0.0786,-2.02,0.1682,1.8703,0.0895999999999999,Red,Triangle,8,0.7,77,STM32_77,297
178,STM32,1.0,50,-2.622770506467041,0.6405865665976989,0.5134634400583541,1,0.0786,-2.0155,0.1682,1.8831,0.0895999999999999,Red,Triangle,8,0.7,78,STM32_78,298
179,STM32,1.0,50,-3.345723470127213,1.1046693485154606,0.5134649435805833,1,0.0786,-2.0185,0.1682,1.8753,0.0895999999999999,Red,Triangle,8,0.7,79,STM32_79,299
180,STM32,1.0,50,-2.637948463596406,0.7274803757028534,0.5134606768813965,1,0.0786,-2.0332,0.1682,1.8872,0.0895999999999999,Red,Triangle,8,0.7,80,STM32_80,300
231,STM32,5.0,100,-2.803347735086556,0.3684456895685737,0.295950087839362,1,0.0482,-143.75,0.2278,142.53,0.1796,Red,Triangle,8,0.7,81,STM32_81,301
232,STM32,5.0,100,-3.267265058196108,1.0000919517890257,0.295914619162388,1,0.0482,-146.41,0.2278,141.51,0.1796,Red,Triangle,8,0.7,82,STM32_82,302
233,STM32,5.0,100,-2.5992405704352324,0.3623947957953322,0.2959318079308566,1,0.0482,-147.24,0.2278,141.07,0.1796,Red,Triangle,8,0.7,83,STM32_83,303
234,STM32,5.0,100,-2.5588681337012638,0.6013642932838006,0.2960048847779557,1,0.0482,-147.66,0.2278,140.57,0.1796,Red,Triangle,8,0.7,84,STM32_84,304
235,STM32,5.0,100,-3.523556452260552,0.4893599443827584,0.295973781048524,1,0.0482,-148.1,0.2278,140.51,0.1796,Red,Triangle,8,0.7,85,STM32_85,305
236,STM32,5.0,100,-3.453203067851176,0.7248885692057171,0.2957511658184028,1,0.0482,-148.37,0.2278,141.35,0.1796,Red,Triangle,8,0.7,86,STM32_86,306
237,STM32,5.0,100,-3.0184322535438803,0.0557182031854408,0.2957327347997858,1,0.0482,-149.48000000000002,0.2278,140.94,0.1796,Red,Triangle,8,0.7,87,STM32_87,307
238,STM32,5.0,100,-2.9339468746062027,0.5316495166376627,0.2955974073195058,1,0.0482,-149.26,0.2278,141.61999999999998,0.1796,Red,Triangle,8,0.7,88,STM32_88,308
239,STM32,5.0,100,-3.1973103933660325,0.201919708975928,0.2955844510301023,1,0.0482,-149.5,0.2278,141.57,0.1796,Red,Triangle,8,0.7,89,STM32_89,309
240,STM32,5.0,100,-2.8681412896829404,0.7479177050466922,0.2955555421376322,1,0.0482,-150.1,0.2278,141.43,0.1796,Red,Triangle,8,0.7,90,STM32_90,310
241,STM32,5.0,200,-2.6653737954141103,0.6695443328282997,0.4015871958068199,1,0.0287,-208.2,0.2479,207.8,0.2192,Red,Triangle,8,0.7,91,STM32_91,311
242,STM32,5.0,200,-3.06475201005276,0.2352554625115457,0.4017468976739795,1,0.0287,-209.52,0.2479,206.53,0.2192,Red,Triangle,8,0.7,92,STM32_92,312
243,STM32,5.0,200,-2.991505368104491,0.1431730210570829,0.4016310493717331,1,0.0287,-210.72,0.2479,206.5,0.2192,Red,Triangle,8,0.7,93,STM32_93,313
244,STM32,5.0,200,-3.646197987301562,0.5178207667207537,0.4015899424922438,1,0.0287,-210.6,0.2479,206.73,0.2192,Red,Triangle,8,0.7,94,STM32_94,314
245,STM32,5.0,200,-2.791942154612958,0.4539848345932308,0.4016066873480439,1,0.0287,-210.89,0.2479,206.53,0.2192,Red,Triangle,8,0.7,95,STM32_95,315
246,STM32,5.0,200,-2.882691691442972,0.3573289242534235,0.4015714467121505,1,0.0287,-210.69,0.2479,206.77,0.2192,Red,Triangle,8,0.7,96,STM32_96,316
247,STM32,5.0,200,-2.648412618852544,0.2898824553994295,0.4015828648096267,1,0.0287,-212.03,0.2479,206.13,0.2192,Red,Triangle,8,0.7,97,STM32_97,317
248,STM32,5.0,200,-2.5802464042434314,0.2579357652177088,0.4015312060708393,1,0.0287,-211.31,0.2479,206.67,0.2192,Red,Triangle,8,0.7,98,STM32_98,318
249,STM32,5.0,200,-2.755408958583624,0.3945708332605256,0.401483696601704,1,0.0287,-212.5,0.2479,206.35,0.2192,Red,Triangle,8,0.7,99,STM32_99,319
250,STM32,5.0,200,-2.6915841827358085,0.3236349821733074,0.4010839102965878,1,0.0287,-213.73,0.2479,207.53,0.2192,Red,Triangle,8,0.7,100,STM32_100,320
251,STM32,5.0,20,-3.617313596679933,0.4435026253920835,0.5307790148039333,1,0.0683,-5.9522,0.1779,4.9245,0.1096,Red,Triangle,8,0.7,101,STM32_101,321
252,STM32,5.0,20,-2.4272464856759,0.0418054138421783,0.530772954445627,1,0.0683,-5.9749,0.1779,4.9406,0.1096,Red,Triangle,8,0.7,102,STM32_102,322
253,STM32,5.0,20,-2.6580776150292693,0.1206372064920854,0.5307470748424743,1,0.0683,-6.1248000000000005,0.1779,4.986,0.1096,Red,Triangle,8,0.7,103,STM32_103,323
254,STM32,5.0,20,-2.7826299666263465,0.5886865666443057,0.436095784863331,1,0.0683,-6.1083,0.1882,5.101999999999999,0.1199,Red,Triangle,8,0.7,104,STM32_104,324
255,STM32,5.0,20,-2.4579346913870994,0.3146669852042449,0.43611830858937,1,0.0683,-5.866899999999999,0.1882,5.1114,0.1199,Red,Triangle,8,0.7,105,STM32_105,325
256,STM32,5.0,20,-2.8560803084842563,0.4626684717813899,0.5307785195820218,1,0.0683,-6.055700000000001,0.1779,4.881,0.1096,Red,Triangle,8,0.7,106,STM32_106,326
257,STM32,5.0,20,-2.9487280205794715,0.6101006076964919,0.4360938661707468,1,0.0683,-6.0395,0.1882,5.1406,0.1199,Red,Triangle,8,0.7,107,STM32_107,327
258,STM32,5.0,20,-2.550474089935554,0.3493561588403145,0.4360737497260949,1,0.0683,-6.034199999999999,0.1882,5.2296,0.1199,Red,Triangle,8,0.7,108,STM32_108,328
259,STM32,5.0,20,-3.279039478744469,0.3345290231519754,0.3902433555775613,1,0.0786,-6.0954,0.1882,5.3088,0.1096,Red,Triangle,8,0.7,109,STM32_109,329
260,STM32,5.0,20,-2.472546046833739,0.422755726144098,0.3902253719124001,1,0.0786,-6.0899,0.1882,5.3887,0.1096,Red,Triangle,8,0.7,110,STM32_110,330
261,STM32,5.0,400,-2.929065136057881,0.5616634582667004,0.5862285557039615,1,-0.0011,-292.66,0.2881,296.41,0.2892,Red,Triangle,8,0.7,111,STM32_111,331
262,STM32,5.0,400,-2.462524958609396,0.3207084454040723,0.6812520887744205,1,-0.0011,-294.90000000000003,0.2778,293.71,0.2789,Red,Triangle,8,0.7,112,STM32_112,332
263,STM32,5.0,400,-2.192478187062997,-0.0240081082376897,0.7272633640433317,1,-0.0115,-297.6,0.2778,293.55,0.2893,Red,Triangle,8,0.7,113,STM32_113,333
264,STM32,5.0,400,-2.670958716941398,0.3721689498816098,0.7268166693766065,1,-0.0115,-299.81,0.2778,294.5,0.2893,Red,Triangle,8,0.7,114,STM32_114,334
265,STM32,5.0,400,-1.9429153384590576,0.6703372898343498,0.7265698616808443,1,-0.0115,-300.77,0.2778,295.14,0.2893,Red,Triangle,8,0.7,115,STM32_115,335
266,STM32,5.0,400,-2.3663592415327197,0.6397958614995272,0.7264629067469843,1,-0.0115,-301.18,0.2778,295.42,0.2893,Red,Triangle,8,0.7,116,STM32_116,336
267,STM32,5.0,400,-1.9324635119047708,0.6745673474981475,0.726306151934424,1,-0.0115,-302.19,0.2778,295.65,0.2893,Red,Triangle,8,0.7,117,STM32_117,337
268,STM32,5.0,400,-1.8111971001684652,0.5899596522544275,0.7258677279414002,1,-0.0115,-303.48,0.2778,296.97,0.2893,Red,Triangle,8,0.7,118,STM32_118,338
269,STM32,5.0,400,-3.1338367766494506,0.4474499226442365,0.7260254137536151,1,-0.0115,-304.23,0.2778,295.96,0.2893,Red,Triangle,8,0.7,119,STM32_119,339
270,STM32,5.0,400,-2.5340907061727096,0.4484115428481221,0.7257643612047615,1,-0.0115,-304.48999999999995,0.2778,296.97,0.2893,Red,Triangle,8,0.7,120,STM32_120,340
271,STM32,5.0,50,-3.8520162124108985,0.9733907181334774,0.3612721212757203,1,0.0585,-9.8024,0.2083,9.2635,0.1498,Red,Triangle,8,0.7,121,STM32_121,341
272,STM32,5.0,50,-3.1504246829970786,0.9699105876011792,0.3612710198223377,1,0.0585,-9.8524,0.2083,9.2462,0.1498,Red,Triangle,8,0.7,122,STM32_122,342
273,STM32,5.0,50,-2.784005350093965,0.3551339343527934,0.3612646807016768,1,0.0585,-9.8717,0.2083,9.265,0.1498,Red,Triangle,8,0.7,123,STM32_123,343
274,STM32,5.0,50,-3.473304099667726,0.2854317256920439,0.3612532635947922,1,0.0585,-9.8914,0.2083,9.3055,0.1498,Red,Triangle,8,0.7,124,STM32_124,344
275,STM32,5.0,50,-3.612170208341576,0.237686980912431,0.4558986775258152,1,0.0585,-9.9195,0.198,9.2097,0.1395,Red,Triangle,8,0.7,125,STM32_125,345
276,STM32,5.0,50,-2.9990932039802365,0.1232492187891753,0.3612577873552278,1,0.0585,-9.9039,0.2083,9.2805,0.1498,Red,Triangle,8,0.7,126,STM32_126,346
277,STM32,5.0,50,-2.857101273285118,0.2463217458913931,0.4559139406116547,1,0.0585,-9.7749,0.198,9.2077,0.1395,Red,Triangle,8,0.7,127,STM32_127,347
278,STM32,5.0,50,-3.1759912571132864,0.8747261876745245,0.3612851713127039,1,0.0585,-9.7486,0.2083,9.231,0.1498,Red,Triangle,8,0.7,128,STM32_128,348
279,STM32,5.0,50,-2.7556193962175626,0.2253331978822899,0.3612737432649637,1,0.0585,-9.8648,0.2083,9.229,0.1498,Red,Triangle,8,0.7,129,STM32_129,349
280,STM32,5.0,50,-2.9988465017633694,-0.3728901767031007,0.3612469762325503,1,0.0585,-9.9517,0.2083,9.306,0.1498,Red,Triangle,8,0.7,130,STM32_130,350
331,STM32,10.0,100,-2.3664058092852533,0.2641386599900198,0.4455462938855426,1,-0.0212,-287.28,0.2577,277.45,0.2789,Red,Triangle,8,0.7,131,STM32_131,351
332,STM32,10.0,100,-3.1485226177266643,-0.5719374847400158,0.4458039525216037,1,-0.0212,-289.48,0.2577,275.37,0.2789,Red,Triangle,8,0.7,132,STM32_132,352
333,STM32,10.0,100,-2.918037564536263,0.427001335514824,0.4458052410852915,1,-0.0212,-290.42,0.2577,274.95,0.2789,Red,Triangle,8,0.7,133,STM32_133,353
334,STM32,10.0,100,-3.0423812792422207,-0.006684049377987,0.4458574885684148,1,-0.0212,-289.66,0.2577,275.06,0.2789,Red,Triangle,8,0.7,134,STM32_134,354
335,STM32,10.0,100,-3.169474154577517,-0.1483043853427399,0.5358429562150318,1,-0.0212,-291.05,0.2479,274.65,0.2691,Red,Triangle,8,0.7,135,STM32_135,355
336,STM32,10.0,100,-2.8265661783819,-0.0543080018551561,0.5359156415477484,1,-0.0212,-290.67999999999995,0.2479,274.5,0.2691,Red,Triangle,8,0.7,136,STM32_136,356
337,STM32,10.0,100,-3.1020194989221017,0.0680086915061302,0.535642508171638,1,-0.0212,-290.98999999999995,0.2479,275.54,0.2691,Red,Triangle,8,0.7,137,STM32_137,357
338,STM32,10.0,100,-2.916693596469392,-0.143697872047574,0.4453525537912396,1,-0.0212,-292.87,0.2577,275.82000000000005,0.2789,Red,Triangle,8,0.7,138,STM32_138,358
339,STM32,10.0,100,-2.544754682121014,-0.022860012163006,0.4453750477308735,1,-0.0212,-292.31,0.2577,275.97,0.2789,Red,Triangle,8,0.7,139,STM32_139,359
340,STM32,10.0,100,-2.9093779003369544,-0.0747411653515523,0.4450669388495217,1,-0.0212,-293.37,0.2577,276.83,0.2789,Red,Triangle,8,0.7,140,STM32_140,360
341,STM32,10.0,200,-3.058596393893346,0.0404708231251691,0.3972430209120844,1,-0.0511,-381.95,0.2979,396.31,0.349,Red,Triangle,8,0.7,141,STM32_141,361
342,STM32,10.0,200,-2.791568957887552,0.0486085000387011,0.4441632712374675,1,-0.0614,-390.18,0.2979,387.88,0.3593,Red,Triangle,8,0.7,142,STM32_142,362
343,STM32,10.0,200,-3.225610683574116,0.7151805947329741,0.5341134613523176,1,-0.0614,-395.09,0.2881,386.0700000000001,0.3495,Red,Triangle,8,0.7,143,STM32_143,363
344,STM32,10.0,200,-2.01619659116035,-0.2335592580974447,0.5342607988136318,1,-0.0614,-397.37,0.2881,384.43,0.3495,Red,Triangle,8,0.7,144,STM32_144,364
345,STM32,10.0,200,-2.3673887024285656,-0.248166036762248,0.5336252313958469,1,-0.0614,-400.11,0.2881,385.96,0.3495,Red,Triangle,8,0.7,145,STM32_145,365
346,STM32,10.0,200,-3.2144294117390797,0.1042958582579674,0.5336857742790524,1,-0.0614,-400.97,0.2881,385.32,0.3495,Red,Triangle,8,0.7,146,STM32_146,366
347,STM32,10.0,200,-2.671393141819617,0.1725914274955756,0.5334334486797592,1,-0.0614,-402.12,0.2881,385.9,0.3495,Red,Triangle,8,0.7,147,STM32_147,367
348,STM32,10.0,200,-2.6034796890559977,0.1996777992466263,0.5332839411078643,1,-0.0614,-402.22,0.2881,386.5,0.3495,Red,Triangle,8,0.7,148,STM32_148,368
349,STM32,10.0,200,-2.3888295550963536,-0.4257071844202098,0.5331268071441118,1,-0.0614,-403.71,0.2881,386.52,0.3495,Red,Triangle,8,0.7,149,STM32_149,369
350,STM32,10.0,200,-2.6234252475193625,0.1424751335176929,0.5329025241991105,1,-0.0614,-403.52,0.2881,387.57,0.3495,Red,Triangle,8,0.7,150,STM32_150,370
351,STM32,10.0,20,-2.982875402785431,-0.0214694314787615,0.5624104390036951,1,0.0482,-125.71,0.198,101.87,0.1498,Red,Triangle,8,0.7,151,STM32_151,371
352,STM32,10.0,20,-2.7856151244240217,0.2825597944007854,0.5618908863069831,1,0.0482,-125.57,0.198,104.17,0.1498,Red,Triangle,8,0.7,152,STM32_152,372
353,STM32,10.0,20,-2.976750320943948,-0.2310816666556967,0.5617682531246767,1,0.0482,-126.36,0.198,104.35,0.1498,Red,Triangle,8,0.7,153,STM32_153,373
354,STM32,10.0,20,-2.39872575075939,-0.0257831683297378,0.6048967491676953,1,0.0384,-127.3,0.198,105.89,0.1596,Red,Triangle,8,0.7,154,STM32_154,374
355,STM32,10.0,20,-2.82176130454674,0.1650612928496391,0.6049572736029638,1,0.0384,-130.02,0.198,104.43,0.1596,Red,Triangle,8,0.7,155,STM32_155,375
356,STM32,10.0,20,-2.213119761434593,0.1324671020760618,0.6049876251147578,1,0.0384,-127.41,0.198,105.45,0.1596,Red,Triangle,8,0.7,156,STM32_156,376
357,STM32,10.0,20,-2.0710962529824166,0.2914841431956536,0.6049759666130106,1,0.0384,-127.66,0.198,105.39,0.1596,Red,Triangle,8,0.7,157,STM32_157,377
358,STM32,10.0,20,-3.136926425380872,0.4097325287605614,0.604624642363843,1,0.0384,-129.8,0.198,105.96,0.1596,Red,Triangle,8,0.7,158,STM32_158,378
359,STM32,10.0,20,-3.283727839070975,-0.1560072863612339,0.6042645448515757,1,0.0384,-128.17,0.198,108.23,0.1596,Red,Triangle,8,0.7,159,STM32_159,379
360,STM32,10.0,20,-2.671983950599104,0.045951235946134,0.6035973218558969,1,0.0384,-129.11,0.198,110.69,0.1596,Red,Triangle,8,0.7,160,STM32_160,380
361,STM32,10.0,50,-2.409208368405229,0.4168210097173236,0.5055215574900962,1,0.0086,-197.44,0.2278,185.79,0.2192,Red,Triangle,8,0.7,161,STM32_161,381
362,STM32,10.0,50,-2.4321916473006087,-0.1137455009851399,0.5946412297261952,1,0.0086,-199.81,0.2181,184.72,0.2095,Red,Triangle,8,0.7,162,STM32_162,382
363,STM32,10.0,50,-2.639356052123572,0.2221904302226333,0.594571035172219,1,0.0086,-200.7,0.2181,184.63,0.2095,Red,Triangle,8,0.7,163,STM32_163,383
364,STM32,10.0,50,-2.6834606086799457,-0.1013586664912783,0.5942627166977232,1,0.0086,-202.76,0.2181,185.05,0.2095,Red,Triangle,8,0.7,164,STM32_164,384
365,STM32,10.0,50,-3.2713481500865367,-0.04748152430797,0.5941398307479554,1,0.0086,-203.87,0.2181,185.09,0.2095,Red,Triangle,8,0.7,165,STM32_165,385
366,STM32,10.0,50,-2.6368063618824977,-0.2364879980329823,0.5049087554210409,1,0.0086,-204.97,0.2278,185.11,0.2192,Red,Triangle,8,0.7,166,STM32_166,386
367,STM32,10.0,50,-2.140127547419986,-0.0913618590534111,0.593362437687641,1,0.0086,-207.27,0.2181,186.94,0.2095,Red,Triangle,8,0.7,167,STM32_167,387
368,STM32,10.0,50,-2.857537239606921,0.2315407449569231,0.5930203211965757,1,0.0086,-207.12,0.2181,188.48,0.2095,Red,Triangle,8,0.7,168,STM32_168,388
369,STM32,10.0,50,-2.0643266324107423,0.1234280598708177,0.5036041277346492,1,0.0086,-207.67,0.2278,189.54,0.2192,Red,Triangle,8,0.7,169,STM32_169,389
370,STM32,10.0,50,-2.565031869191392,0.0776892528583482,0.5033239782981762,1,0.0086,-208.23,0.2278,190.5,0.2192,Red,Triangle,8,0.7,170,STM32_170,390
391,STM32,20.0,20,-0.7228167336092853,-0.3820070489983314,1.2302246784222868,1,-0.0212,-2.316,0.198,1.7961,0.2192,Red,Triangle,8,0.7,171,STM32_171,391
392,STM32,20.0,20,-0.8700374565831022,-0.6912156883319154,1.2990747534184397,1,-0.0316,-233.03,0.1882,190.58,0.2198,Red,Triangle,8,0.7,172,STM32_172,392
393,STM32,20.0,20,-0.4697320468800078,-0.4508215144679438,1.2979981140340329,1,-0.0316,-237.29,0.1882,193.34,0.2198,Red,Triangle,8,0.7,173,STM32_173,393
394,STM32,20.0,20,-0.6055073153780588,-1.0652425932409515,1.2072456941113834,1,-0.0316,-236.0,0.198,197.01,0.2296,Red,Triangle,8,0.7,174,STM32_174,394
395,STM32,20.0,20,-0.8149024824518099,-0.6706583243971062,1.2971631589017645,1,-0.0316,-236.24,0.1882,197.4,0.2198,Red,Triangle,8,0.7,175,STM32_175,395
396,STM32,20.0,20,-0.09067881893779,-0.310883492541855,1.2965222800343703,1,-0.0316,-235.97,0.1882,200.28,0.2198,Red,Triangle,8,0.7,176,STM32_176,396
397,STM32,20.0,20,-0.9363631100126266,-0.6363387121448622,1.3392636898692525,1,-0.0413,-237.05,0.1882,201.51,0.2295,Red,Triangle,8,0.7,177,STM32_177,397
398,STM32,20.0,20,-0.8025299878722245,-0.4827198975699677,1.3388603585412324,1,-0.0413,-238.36,0.1882,202.67,0.2295,Red,Triangle,8,0.7,178,STM32_178,398
399,STM32,20.0,20,-0.577471769953759,-0.6762720876841459,1.3381801853408966,1,-0.0413,-236.41,0.1882,206.46,0.2295,Red,Triangle,8,0.7,179,STM32_179,399
400,STM32,20.0,50,-0.5808235393314743,-0.8061987228564148,1.312727966883667,1,-0.0913,-360.83,0.2181,327.01,0.3094,Red,Triangle,8,0.7,180,STM32_180,400
401,STM32,20.0,50,-1.1421422041286302,-0.7776056860157161,1.2234739444804823,1,-0.0913,-362.88,0.2278,326.71000000000004,0.3191,Red,Triangle,8,0.7,181,STM32_181,401
402,STM32,20.0,50,-0.6073840561642009,-0.6265085678030106,1.3125543531947663,1,-0.0913,-362.98,0.2181,326.81,0.3094,Red,Triangle,8,0.7,182,STM32_182,402
403,STM32,20.0,50,-0.8317463751023337,-0.9930744828445632,1.3122206276763868,1,-0.0913,-364.88,0.2181,327.41,0.3094,Red,Triangle,8,0.7,183,STM32_183,403
